{
  "result": "1",
  "response": [
    {
      "name": "Curso javascript e typescript do básico ao avançado",
      "image": "https://marketplace.canva.com/EAFNlUJs5g4/2/0/1600w/canva-white-simple-certificate-of-appreciation-Fcz7KkZ5YaU.jpg"
    },
    {
      "name": "Curso javascript e typescript do básico ao avançado",
      "image": "https://marketplace.canva.com/EAFNlUJs5g4/2/0/1600w/canva-white-simple-certificate-of-appreciation-Fcz7KkZ5YaU.jpg"
    },
    {
      "name": "Curso javascript e typescript do básico ao avançado",
      "image": "https://marketplace.canva.com/EAFNlUJs5g4/2/0/1600w/canva-white-simple-certificate-of-appreciation-Fcz7KkZ5YaU.jpg"
    },
    {
      "name": "Curso javascript e typescript do básico ao avançado",
      "image": "https://marketplace.canva.com/EAFNlUJs5g4/2/0/1600w/canva-white-simple-certificate-of-appreciation-Fcz7KkZ5YaU.jpg"
    }
  ],
  "error": []
}