{
  "result": "1",
  "response": {
    "list": [
      {
        "title": "Titulo do meu projeto",
        "image": "https://i0.wp.com/themes.svn.wordpress.org/ff-multipurpose-dark/1.1.1/screenshot.png",
        "description": "Lorem Ipsum is simply dummy text of the printing and typesetting industry. Lorem Ipsum has been the industrys standard dummy text ever since the 1500s, when an unknown printer took a galley of type and scrambled it to make a type specimen book. It has survived not only five centuries, but also the leap into electronic typesetting, remaining essentially unchanged."
      },
      {
        "title": "Titulo do meu projeto",
        "image": "https://i0.wp.com/themes.svn.wordpress.org/ff-multipurpose-dark/1.1.1/screenshot.png",
        "description": "Lorem Ipsum is simply dummy text of the printing and typesetting industry. Lorem Ipsum has been the industrys standard dummy text ever since the 1500s, when an unknown printer took a galley of type and scrambled it to make a type specimen book. It has survived not only five centuries, but also the leap into electronic typesetting, remaining essentially unchanged."
      },
      {
        "title": "Titulo do meu projeto",
        "image": "https://i0.wp.com/themes.svn.wordpress.org/ff-multipurpose-dark/1.1.1/screenshot.png",
        "description": "Lorem Ipsum is simply dummy text of the printing and typesetting industry. Lorem Ipsum has been the industrys standard dummy text ever since the 1500s, when an unknown printer took a galley of type and scrambled it to make a type specimen book. It has survived not only five centuries, but also the leap into electronic typesetting, remaining essentially unchanged."
      }
    ],
    "pages": 5
  },
  "error": []
}